,VPN_variable,VPN_fija,Ahorro_swap,Ahorro_pct
Optimista,126407434.40550984,161642116.52940512,35234682.12389527,0.2787390020974863
Base,123777664.75289631,142984008.0698734,19206343.316977084,0.1551680859007939
Pesimista,120515260.35507222,130241958.82265714,9726698.467584923,0.08070926817838094
